id,predicted_sales
row_00009,3159.539576346102
row_00015,6335.53160431617
row_00019,2510.7313312199462
row_00020,3060.545577537944
row_00023,2334.772836597639
row_00026,393.0839616096257
row_00027,4683.086286604535
row_00033,2683.092156458166
row_00034,276.7200254920695
row_00037,2264.2993033749963
row_00041,2357.4534387523777
row_00042,1223.5164314724093
row_00045,1111.8950776749905
row_00049,2503.052749275281
row_00056,3021.7362054638525
row_00057,1750.403448719763
row_00060,962.5545617486889
row_00079,2542.494209200726
row_00082,1397.5272684222027
row_00085,2782.7854075118444
row_00091,1093.4334784861599
row_00104,2080.3729730249997
row_00105,825.1038663030582
row_00109,751.3797545871148
row_00115,745.9797961697459
row_00117,812.0924090023043
row_00119,3429.656927439327
row_00120,2996.3610063383576
row_00123,1227.682937519186
row_00125,2307.1172512830294
row_00130,960.1656795372852
row_00132,1035.781338850532
row_00134,1028.029851429264
row_00139,4078.8100757285824
row_00141,6122.783797372545
row_00144,3264.7412444941237
row_00162,1767.4736432587736
row_00189,538.1444933265533
row_00192,3925.06418658175
row_00202,1939.5062066658
row_00203,2723.8723994999277
row_00208,1606.415343723856
row_00210,2807.4930069690563
row_00220,3237.288031829399
row_00235,2367.6463982218247
row_00236,1974.814463092607
row_00247,173.70923802345882
row_00249,637.3635301168298
row_00252,4898.118659844426
row_00254,2246.4050358915556
row_00256,3614.5089324910855
row_00260,2053.825372950936
row_00265,906.3545588167652
row_00266,1879.9330750409788
row_00269,1949.3655974873104
row_00283,1335.1261763004582
row_00288,791.0610716613437
row_00293,1599.9384454601193
row_00296,406.99721196421774
row_00298,738.2808240150705
row_00301,1307.0539757785818
row_00305,2992.3887304602545
row_00322,636.7620920518702
row_00323,1797.2717386021739
row_00325,2223.077144842694
row_00327,3930.218566408591
row_00336,2038.2832494380807
row_00337,5357.608985144758
row_00341,2046.5801794687154
row_00345,3715.1527711910594
row_00353,2343.3862007787384
row_00354,1847.4906081147185
row_00363,2362.5345372171228
row_00368,4585.011795168863
row_00370,4215.097175866428
row_00373,1358.6032643121555
row_00374,1357.9924513033986
row_00375,1701.0415784229078
row_00377,3252.7320333449024
row_00385,958.4476493672131
row_00389,2852.6666582119233
row_00391,845.8025682292508
row_00404,82.64299003289986
row_00405,2660.658535511917
row_00407,4983.069475462316
row_00415,2988.787935266341
row_00416,2091.037280484801
row_00423,720.8401797180347
row_00430,1513.5305612736438
row_00431,1533.8857353050962
row_00435,1651.8282357581866
row_00437,706.7529013949197
row_00438,649.1145936706205
row_00439,3103.388601640389
row_00441,3473.4635126671287
row_00447,81.63194359333156
row_00448,2094.497237626626
row_00449,591.2675538341725
row_00460,174.03633231719988
row_00465,1384.8393847584725
row_00472,1440.709766878836
row_00476,801.3534534134028
row_00478,4421.522972562867
row_00480,472.3693513157758
row_00485,2589.1166708056694
row_00488,936.1980049495165
row_00498,3523.6300626376747
row_00499,1704.8218820883976
row_00500,3932.403229978088
row_00504,3247.933383766732
row_00508,1566.0842823209823
row_00518,271.19738732939805
row_00519,861.4504548060463
row_00520,1821.5794710016494
row_00525,1866.14070199303
row_00526,2559.921194855312
row_00530,1879.1921546458568
row_00531,4726.233278954464
row_00534,932.4476114638142
row_00538,1333.6110222357652
row_00543,304.11635161711087
row_00551,649.6054136106299
row_00555,831.1435025833615
row_00559,2566.9086143020695
row_00561,1515.2212912603454
row_00569,2939.259780230057
row_00572,315.94246580271954
row_00577,3165.2256910454093
row_00580,5015.575846906153
row_00584,2165.3139047352797
row_00585,4565.469400672791
row_00591,2018.7021659428883
row_00601,2841.891351426608
row_00603,1836.0366574477728
row_00613,3480.0787454576503
row_00618,1126.6734820967606
row_00620,3099.3407430237376
row_00622,1537.4925193360637
row_00623,930.2176813328359
row_00632,1291.7980586229182
row_00635,958.2330453444214
row_00637,667.8129634759764
row_00638,712.0547974870447
row_00640,1801.2759477270415
row_00641,249.4874364179985
row_00646,2443.8450711229657
row_00649,2401.4345988264317
row_00656,2832.998933058643
row_00659,584.2537037912584
row_00661,4749.831791771013
row_00662,1998.4933696610806
row_00663,2448.0453392199934
row_00667,1951.4298515487808
row_00670,30.882625703401448
row_00673,1531.1561968759372
row_00674,2386.5047410748525
row_00681,5098.3036220410595
row_00683,1675.4539599277082
row_00684,4243.05077363666
row_00689,2308.704090139616
row_00690,200.32004197643073
row_00698,1143.8744785360234
row_00700,1299.2142809868205
row_00702,3442.2605285647896
row_00704,3794.1314207453
row_00705,304.92505120221284
row_00710,1961.2101180764614
row_00711,752.1834615491202
row_00714,4360.453967080697
row_00716,498.67925124611094
row_00720,2245.66066572586
row_00721,2506.785821073206
row_00723,832.6239102562324
row_00730,1735.8394417820793
row_00732,1369.559676149237
row_00733,3155.8007305781202
row_00741,3753.958396216734
row_00753,4088.52621046221
row_00755,102.72291967271062
row_00760,3901.9091373366286
row_00764,1711.2092762523448
row_00770,1646.7647001887685
row_00771,3270.3383241453366
row_00774,2786.6246697402885
row_00783,389.53648640301935
row_00796,157.63688597550453
row_00804,2854.8556031117255
row_00808,5105.745976862649
row_00812,1553.9691374557087
row_00814,1011.5394540455327
row_00815,1298.6690141075746
row_00819,3270.216308534065
row_00825,855.6189096211403
row_00826,2438.036784723202
row_00832,256.75233818658745
row_00835,1280.3577418797922
row_00840,734.0069196777774
row_00844,4067.298919030029
row_00845,775.2578455633509
row_00851,1228.546798677837
row_00856,1385.7500779864677
row_00868,317.8138458411172
row_00874,1226.9355753738405
row_00875,1325.0868189557027
row_00880,1286.774418747466
row_00882,650.9216076453204
row_00884,809.2079531570448
row_00891,3281.2638559163706
row_00899,1736.4540361237985
row_00905,1527.5870175063496
row_00906,3964.086287772467
row_00914,3074.8599092951504
row_00924,911.8207572478286
row_00946,2904.2234188461707
row_00947,1998.6463322298418
row_00948,1378.961983466609
row_00963,2193.8717148589817
row_00977,3480.783816133288
row_00980,2427.0977864174247
row_00981,258.84439519966395
row_00984,4498.531236154364
row_00996,2633.9715332702963
row_00997,488.4193899947294
row_00998,2100.641726374648
row_00999,2458.8189947599312
row_01001,2249.3638084536506
row_01017,1766.1209963901479
row_01025,4281.963705427091
row_01026,1372.9614797623467
row_01031,567.746012419431
row_01032,1331.2630318638915
row_01034,3730.590089098561
row_01043,4379.964430466865
row_01044,3561.772752586224
row_01046,963.3450722993136
row_01050,1621.336044766738
row_01064,4204.469774785219
row_01077,1496.9150051596184
row_01078,3480.1122559640085
row_01085,1890.2290050494641
row_01090,1398.8361081800613
row_01093,1833.2438080895301
row_01104,598.661751298763
row_01105,1047.7180070398772
row_01107,6068.678813202034
row_01108,2382.501701720972
row_01111,1452.5332870051295
row_01115,1589.79689132043
row_01119,3292.056590181031
row_01123,2122.929274508486
row_01124,1933.4220838688525
row_01126,1828.7318182801646
row_01129,848.1601290943718
row_01145,2973.8896284654525
row_01146,1455.7976951296778
row_01148,1270.1873723506922
row_01162,2241.4993764575456
row_01165,2873.1210588734193
row_01178,2089.8810695745656
row_01183,270.6459426120253
row_01190,1558.210558227529
row_01191,2750.436634919095
row_01192,1159.8450240309562
row_01197,905.0205488663601
row_01202,2661.531295497864
row_01205,1299.765858590963
row_01207,2781.6781228213194
row_01209,957.6686615222902
row_01211,2270.8360187335907
row_01212,2646.305414802964
row_01213,2087.340672660086
row_01215,1764.4533974866317
row_01237,1105.2406945674397
row_01246,1308.9252164598274
row_01254,1453.2035493471858
row_01263,460.1797757959787
row_01266,1991.503954107849
row_01268,164.54584625483733
row_01277,3043.4658922539174
row_01293,3068.0069061806744
row_01294,2232.6225241284383
row_01295,478.5865096872353
row_01300,8900.157837011782
row_01304,2024.6711357509546
row_01311,3209.6724901316447
row_01314,1766.5330843947631
row_01315,353.8413410574024
row_01330,1616.134316313957
row_01332,3522.245892806936
row_01334,2775.0662949203625
row_01345,1000.2408205589094
row_01350,2394.9039135832345
row_01355,1985.3302148401506
row_01356,3811.7570444944135
row_01357,607.5726969597715
row_01362,1295.6365375937166
row_01368,5665.183603138816
row_01375,2239.9309191531365
row_01380,988.3167821941227
row_01390,408.1416162484073
row_01396,1893.7963206030486
row_01397,3448.1988978722716
row_01404,2953.448519244762
row_01407,3017.046150227931
row_01412,2077.224902973503
row_01418,927.8587891319517
row_01424,949.2854257343766
row_01433,3066.685625693178
row_01436,2112.8118370506318
row_01443,874.6493124790163
row_01456,2740.3180495066554
row_01465,2623.4292721104584
row_01475,1281.741310020884
row_01478,1542.2354070951674
row_01494,886.3166530311682
row_01497,440.190803273812
row_01499,2378.1874492513016
row_01501,1942.505686490039
row_01508,4551.349814438934
row_01513,6673.237283950569
row_01532,3575.3582107845973
row_01534,2603.8074342908067
row_01540,1960.2495639299534
row_01552,3140.526892713658
row_01553,1747.7665310179116
row_01563,271.74786596453896
row_01564,2990.0742663457363
row_01565,4283.130929348739
row_01567,561.8161637980832
row_01572,567.3744957506528
row_01573,4529.148771327247
row_01576,2060.0220267874965
row_01577,908.9018838938352
row_01583,2369.648322770957
row_01586,1931.274449410668
row_01594,2606.6678054923705
row_01596,3301.0807253689395
row_01598,3310.1247973163377
row_01605,346.5254009800807
row_01616,3309.97493039685
row_01621,3138.326279667531
row_01624,3353.955043493576
row_01625,1386.6922798054284
row_01626,1534.8793003639507
row_01630,1386.0318126257564
row_01639,357.3641851657171
row_01641,2141.3983191302586
row_01643,4345.327269881418
row_01648,1559.15440209186
row_01654,175.94399107115208
row_01655,561.8033928504985
row_01656,4277.589335990022
row_01659,2939.3095583757163
row_01664,699.067377473943
row_01666,1010.1952231974249
row_01687,1259.6086088779189
row_01689,1220.9207537457514
row_01693,695.0348161799054
row_01698,1662.301324068371
row_01700,1496.8011990482992
row_01701,3100.050194960133
row_01702,459.18564957236106
row_01714,6100.182552883618
row_01725,3881.805978216421
row_01743,2741.562000333578
row_01750,2930.5267454560026
row_01762,283.87325510466826
row_01770,2372.3928190440747
row_01773,784.1277031168642
row_01782,1400.7464337747926
row_01784,4335.900507157221
row_01790,3307.9735926881685
row_01792,2703.803641378709
row_01801,4399.102149161145
row_01802,2422.746741790339
row_01805,121.4321867206146
row_01808,945.8254252991815
row_01822,1839.924600148775
row_01826,699.8457714113829
row_01829,4085.8816795113885
row_01836,3644.923932621374
row_01839,1205.087889517913
row_01840,1557.0197137381615
row_01844,1731.2963532880729
row_01845,3181.019383550196
row_01853,753.9057774649307
row_01862,1617.0913519357016
row_01872,589.7513626109343
row_01882,3335.449751063794
row_01886,1000.0292349397705
row_01888,1802.474232136011
row_01895,2619.1412542312128
row_01911,2184.9887825726637
row_01915,2113.726794786453
row_01926,3791.377249658326
row_01932,4724.575381948329
row_01946,1343.881274006034
row_01952,1705.7618416864311
row_01961,882.7598768882839
row_01973,271.25107515873145
row_01982,899.6095440736306
row_01983,769.2697788144669
row_01991,975.8777294694729
row_01993,1822.030314948837
row_01994,3881.703020269742
row_01995,2269.420579913147
row_01998,2242.8837134690425
row_01999,105.04480626181541
row_02005,2990.5071799912366
row_02011,1576.4237853215789
row_02015,3273.4271831382885
row_02016,687.7548749997446
row_02018,2706.6208740475518
row_02055,1160.4795939393684
row_02056,1327.1360497588926
row_02059,1278.824249790352
row_02068,2631.02145308204
row_02069,2909.887485591983
row_02076,531.2668122544294
row_02079,578.8549335113923
row_02083,485.65841121884245
row_02086,6362.874603968992
row_02095,229.00483112758903
row_02098,1858.3901204085732
row_02100,3250.464958263069
row_02103,4191.752580561411
row_02106,3385.0322104060874
row_02107,3724.529152572822
row_02112,3207.5141971008497
row_02118,2161.646455245204
row_02126,3265.5474410993947
row_02127,2129.8947528585254
row_02130,2656.6130234583134
row_02133,2405.4078047181683
row_02146,1191.0916096150281
row_02147,4018.6585710231075
row_02152,4158.7528787104275
row_02153,3910.7692271498036
row_02162,6577.859866146261
row_02164,4794.388096943858
row_02170,1597.5849172404487
row_02193,420.6063890734741
row_02195,2139.3019022671024
row_02199,3405.6903359474913
row_02203,2376.285243061394
row_02210,712.5086083068434
row_02211,3996.029471063754
row_02213,2930.70076900415
row_02215,2548.982234999552
row_02218,4798.1118017634835
row_02225,1831.2436987251242
row_02230,1283.3336148143508
row_02235,573.4619365001305
row_02238,831.4044422887622
row_02239,2713.8111096207285
row_02240,279.93704098865055
row_02257,2437.4558072212685
row_02259,2342.6295487129805
row_02262,3295.336785411675
row_02272,1499.7576870520713
row_02274,2704.167525171397
row_02279,1419.8115356585527
row_02280,434.3368954333416
row_02283,1372.4075170788874
row_02287,3943.972663267276
row_02294,5440.229266879833
row_02303,3360.0690884556466
row_02310,206.0581677430544
row_02313,1094.4219372701164
row_02316,253.8802390394839
row_02319,1913.697025636942
row_02322,2189.3945333653137
row_02323,152.18952061935425
row_02327,718.8347516084968
row_02332,1112.2900094602924
row_02333,617.5711012746301
row_02339,2456.231193032282
row_02344,1811.1830484052427
row_02346,383.67404545177766
row_02351,2583.28901247049
row_02356,1796.107211251328
row_02357,1994.9240595011854
row_02361,1402.2491647459444
row_02363,2282.929292451121
row_02364,3856.248887227662
row_02370,681.600703089287
row_02372,3779.9238894102814
row_02374,114.31417923250034
row_02383,874.988021941916
row_02385,368.58627125403575
row_02393,611.6168968005643
row_02403,1446.0127752092435
row_02411,1787.6463904832171
row_02413,574.0740756438936
row_02416,1384.2658284960125
row_02417,2364.7532265027658
row_02418,3243.3288710694433
row_02419,1631.0168817090196
row_02432,2145.786818313686
row_02441,2513.0210758509556
row_02442,3283.7851143973658
row_02443,3700.425245824283
row_02444,4006.2287825258386
row_02445,2418.367979463272
row_02448,769.7045163761554
row_02454,3110.2297510090416
row_02455,3288.904294817192
row_02462,545.2072820565486
row_02469,1021.5504723506851
row_02478,236.67858077452433
row_02482,4374.373736943047
row_02497,4765.942911688007
row_02500,457.3254023560324
row_02502,2992.1177493646123
row_02504,1274.545412854515
row_02508,1283.58319700425
row_02512,2702.460235216942
row_02514,3823.402638760144
row_02519,4195.411985763652
row_02520,1890.8360233863891
row_02522,476.92850466670905
row_02523,233.4866705672897
row_02530,1388.0185567740382
row_02531,247.66866557644352
row_02534,3721.396027413758
row_02536,2859.0813244976835
row_02537,2138.6623375393297
row_02547,2695.0346249695185
row_02558,1464.220239882333
row_02569,3570.4330258726773
row_02577,2635.181581195536
row_02581,1219.1549772382334
row_02582,2951.5621474162012
row_02584,765.5603837452721
row_02606,350.218454055523
row_02607,1411.5345710153724
row_02612,958.2735969252775
row_02613,1673.0021102827664
row_02621,194.11181347773015
row_02623,2536.7564734279567
row_02627,2406.8785262617403
row_02628,5127.956380145568
row_02632,1921.2409953111642
row_02646,4751.400911478352
row_02648,1436.4551471030913
row_02650,1564.2643644824993
row_02656,805.6254613604515
row_02659,617.6556379148902
row_02669,1164.628924498042
row_02670,96.60892721225554
row_02672,561.1648171289787
row_02674,2818.055630027142
row_02675,5489.3047092009465
row_02691,1605.6126700059299
row_02700,724.5866383943608
row_02705,517.1531268716321
row_02709,4888.627164742769
row_02712,2682.5994382598656
row_02714,5390.900779451404
row_02716,3033.006939555275
row_02726,3015.013417607778
row_02738,712.8430257064877
row_02757,749.8373854215406
row_02758,3062.146558432134
row_02768,3206.212382883731
row_02772,636.1403258659867
row_02773,3231.8750053185768
row_02776,1585.1399868988246
row_02778,1268.632867071583
row_02782,5246.809207510833
row_02786,3024.0853243068395
row_02796,641.2005664263588
row_02797,2540.0872207440857
row_02800,3562.36757119625
row_02801,2263.0389169895316
row_02807,3015.4760303024623
row_02816,3471.800866354317
row_02824,3349.0034759334867
row_02833,1536.1617360934051
row_02834,2136.5052068856694
row_02837,1635.336659173885
row_02839,2436.739917575129
row_02846,3744.2365344675904
row_02848,4332.422750560665
row_02849,2030.3270035603045
row_02852,1887.4447609016115
row_02854,408.9873013962982
row_02855,4278.601471947097
row_02858,3546.7655107967503
row_02863,3541.8135305330334
row_02875,1039.2720365723849
row_02879,946.5613034887488
row_02883,1338.5099176663784
row_02884,2285.1789002889054
row_02885,366.7373632174989
row_02886,1217.7436932299681
row_02890,3133.0176027285643
row_02892,6470.182645281584
row_02901,1051.2842858845017
row_02903,2379.401580162231
row_02906,2832.768180793906
row_02908,755.3394074476905
row_02909,2825.1251333754694
row_02919,1050.4842367594658
row_02925,1446.367051931474
row_02929,2206.7886848636394
row_02934,5589.092278715007
row_02939,2880.5540802069645
row_02940,797.9796498916725
row_02943,1924.2696735234665
row_02951,1821.2263634764897
row_02953,2217.3497357788265
row_02957,3908.5820339055886
row_02962,738.3510243873311
row_02964,4741.807120889236
row_02965,2581.454515073985
row_02968,1529.3411632271268
row_02977,809.0795779547368
row_02980,1455.747656935706
row_02997,5033.32842042337
row_03001,1731.2713300833823
row_03003,1312.4475932020603
row_03004,2497.4917314224217
row_03006,1988.3390775798835
row_03019,7277.147160575481
row_03025,5180.452909589108
row_03026,3275.1567331635583
row_03039,2092.8845179799036
row_03046,1803.571172357476
row_03057,1714.410899760541
row_03059,1931.1276383828408
row_03074,2248.2288001160737
row_03082,4069.9323547411013
row_03091,1578.6033433415587
row_03092,1710.660779994444
row_03100,578.9830222125195
row_03103,279.30238197703727
row_03104,2011.0513692430213
row_03113,2677.814173340179
row_03125,3227.7363578926356
row_03126,725.7901187575076
row_03131,1891.4889220019486
row_03132,1921.5717553346403
row_03147,3190.4687400565485
row_03159,3822.43462786504
row_03161,789.7085237826058
row_03165,3318.1800609351285
row_03169,746.2117800999996
row_03175,1546.777933682082
row_03184,843.6959597812847
row_03187,1699.8060864555434
row_03192,2546.8408696998276
row_03196,1924.4316518766857
row_03202,2577.5766085075606
row_03207,5229.1767058445275
row_03208,1004.0527081613635
row_03212,2879.997997490311
row_03218,3519.378149175258
row_03223,2348.21499458218
row_03226,1334.9331902815866
row_03229,1205.7837386125698
row_03230,2525.1797477185237
row_03233,2669.6617530257527
row_03236,500.6613292664014
row_03239,623.3934439633309
row_03246,2589.669116097223
row_03253,2561.2748856432286
row_03259,2403.864832028399
row_03262,2222.900239088389
row_03267,142.97113903686466
row_03273,570.4161629448653
row_03282,696.7224664130945
row_03283,570.3161565872924
row_03286,1628.030422822924
row_03288,3448.128691275609
row_03290,3855.3486302261795
row_03292,1653.673070374361
row_03295,452.2598573977543
row_03305,2427.4663231896584
row_03306,1590.3663897548317
row_03320,3714.2126915611784
row_03324,278.9555298655787
row_03327,3380.973379466858
row_03329,782.3771410868922
row_03338,2653.8829000004453
row_03344,2401.558672860096
row_03350,1660.3671387381598
row_03351,3164.0572135647562
row_03354,1498.3493378854191
row_03362,3936.656884155641
row_03373,3462.993610747174
row_03374,1096.7505982087446
row_03380,232.5186394509148
row_03382,1320.0487551692713
row_03386,1895.829433665394
row_03388,1694.6102252904934
row_03394,1873.570219753935
row_03399,2254.0454318283532
row_03402,4057.3751893204358
row_03408,1594.9053769673387
row_03431,1984.6366170016365
row_03432,2361.480057080309
row_03440,910.2888874059097
row_03444,2897.8043399987328
row_03448,5064.059318006304
row_03454,2074.6197976633057
row_03458,3995.250169830384
row_03459,743.2850561407768
row_03464,450.51567396933626
row_03475,2263.1734225993196
row_03485,2869.895188505484
row_03489,445.7239181745586
row_03490,1661.067908339506
row_03493,2878.10024146471
row_03495,1699.297389157526
row_03511,3408.032020586991
row_03517,1909.6168991746754
row_03520,1741.708197294697
row_03522,1750.4796306287706
row_03526,3601.190856311302
row_03529,719.600104479179
row_03532,2194.94603000586
row_03537,3544.2813248382063
row_03539,2571.8785967384215
row_03540,2247.344853294373
row_03547,2420.992926524832
row_03550,3521.7848839030326
row_03551,545.619005283384
row_03557,2754.627016449527
row_03560,593.707575326913
row_03561,2042.8908361471647
row_03562,2151.0774691607485
row_03566,4579.472853585221
row_03567,3623.303544646047
row_03572,856.7647427562545
row_03583,637.2731101492029
row_03584,6312.660134903784
row_03593,4926.147130418387
row_03604,4777.828998270094
row_03620,3240.4198434941695
row_03631,2338.4365899100767
row_03643,1362.170355421812
row_03647,686.9095660133146
row_03648,979.0823606477541
row_03649,868.521294744199
row_03658,598.8482663071738
row_03664,1205.2606381571418
row_03673,3025.5147369078672
row_03676,1160.4251938697935
row_03680,4532.849182636697
row_03682,471.30214787216806
row_03687,717.4526005429416
row_03694,2655.4856397573576
row_03708,659.3364880872384
row_03714,3404.817449034189
row_03715,2791.9760398593226
row_03718,2090.0305286150597
row_03719,890.1519596986708
row_03720,997.0838663952991
row_03723,581.3346130797256
row_03727,2386.3935956535634
row_03732,1903.4320418223804
row_03734,1891.0895651400276
row_03736,48.73557526573426
row_03742,2058.1973971986704
row_03744,949.6623431992729
row_03750,1597.6630904136468
row_03755,1046.256244062765
row_03759,1383.752388429792
row_03768,2971.3410196163154
row_03773,705.1802064354356
row_03775,6941.980974822965
row_03779,1783.1505211094159
row_03783,1790.7949422135684
row_03787,1133.2312194229648
row_03789,2705.994521971933
row_03804,1433.0049706528866
row_03811,1945.0900073820046
row_03824,1827.314295786925
row_03829,2927.020410383487
row_03831,1680.9856966727898
row_03834,237.79429240031712
row_03836,1200.6538470650153
row_03839,3984.483422654469
row_03847,2093.5121201173956
row_03849,2031.6686051739414
row_03854,4810.1782098917665
row_03858,1570.9474357492782
row_03859,6498.868507358059
row_03866,251.0819833574143
row_03867,2343.7135381940348
row_03871,875.0910302106201
row_03876,418.66776498560455
row_03888,1291.3877094972886
row_03891,261.14996467511736
row_03903,1804.6700868762427
row_03917,1061.9197911847155
row_03920,3247.785769920642
row_03925,1071.1813045389977
row_03926,246.22715266304007
row_03931,1323.4664774185765
row_03933,2047.2985730996784
row_03934,3040.218688196673
row_03935,1838.9432672624673
row_03938,4270.171982271724
row_03940,1477.9775637016726
row_03942,1755.4876829542775
row_03945,1994.7486663671555
row_03946,4163.088317724676
row_03949,673.3029014389783
row_03960,2623.6002057053774
row_03962,1346.8156245655914
row_03965,311.9798722437123
row_03972,2626.5749086736114
row_03982,3555.2590670496857
row_03987,4049.561258989215
row_03991,3272.4769019783007
row_03992,1471.6485008526051
row_03996,4079.1652521111987
row_03998,2125.4249125582082
row_04009,1670.6470525494437
row_04012,2978.122847165396
row_04024,1036.8709303624637
row_04029,1986.346906596166
row_04031,4853.516611662029
row_04033,661.4733839344764
row_04040,1630.6183243478927
row_04054,1697.7134894023084
row_04055,1958.0337629602407
row_04065,531.5454130042797
row_04066,255.4111758998911
row_04077,5361.3951746167
row_04078,1704.9103648154055
row_04081,70.98805048393045
row_04084,2825.129326541104
row_04092,1686.0457465223826
row_04094,1895.5036799392421
row_04101,1478.557331241319
row_04107,657.3262367378338
row_04112,2069.1670098756576
row_04120,1098.7417656943342
row_04122,3961.3697878557414
row_04127,1537.0518644299232
row_04137,1126.5814295242078
row_04138,336.09739642740783
row_04139,1890.9600385109666
row_04145,3132.775125065891
row_04147,2969.863537165937
row_04154,619.0350423689372
row_04158,2422.10699951863
row_04160,847.3601310777881
row_04165,2261.296113313515
row_04166,1967.6371587581302
row_04175,4761.434495460024
row_04176,1440.1489442625793
row_04177,1766.6317467529202
row_04178,2343.261617735431
row_04179,526.0439901365951
row_04186,3439.038979935881
row_04187,3135.7794956413463
row_04189,234.47515039281723
row_04193,4093.526056034477
row_04200,953.3504612763063
row_04207,646.902514971275
row_04226,1302.7454602387247
row_04228,4581.149994098686
row_04229,2565.5836095590485
row_04233,2357.9659146401827
row_04234,4236.594137952588
row_04242,4355.764939826733
row_04245,1077.0361361460255
row_04255,1999.4237037192993
row_04259,781.5143804610441
row_04261,4632.118679483623
row_04263,271.0948292155481
row_04268,4430.078072144806
row_04270,1987.7931016741018
row_04272,1666.1318614327176
row_04273,1564.5610062335847
row_04278,4167.601897824994
row_04281,5500.066573982522
row_04285,2151.288501549262
row_04293,1071.2134364664375
row_04301,554.1683753082357
row_04306,261.747053464281
row_04315,1579.6817476655092
row_04316,277.82645045514846
row_04319,4577.217562817063
row_04320,2458.046345013746
row_04333,2067.0810665882655
row_04335,2624.7759822198213
row_04349,1200.3415266746442
row_04358,1356.782171895979
row_04359,415.7703038845293
row_04360,2172.765733027206
row_04365,2249.761265590648
row_04370,1002.2910841569679
row_04371,1487.9273811255289
row_04372,1526.2764375639372
row_04373,563.608025984193
row_04374,2147.0805575502627
row_04385,1355.5601751783383
row_04386,2118.9693832204257
row_04388,3354.2888599396483
row_04395,3371.0930306898854
row_04398,682.3466321829361
row_04400,2615.418240415279
row_04413,1092.0114491221607
row_04416,3049.6236240912867
row_04419,914.4587667524829
row_04438,1453.7237624671343
row_04441,1989.717693900418
row_04454,1126.3440300703096
row_04470,1832.3159648575654
row_04471,972.4354272961142
row_04483,1654.6257703443357
row_04490,1992.146833579429
row_04498,2386.5742589451092
row_04522,2087.2047954499167
row_04529,2082.0894310404537
row_04537,822.0056743641023
row_04538,375.6679282840658
row_04539,880.8939060625894
row_04540,1530.6425664954968
row_04541,3689.4864010817582
row_04542,250.7013214930687
row_04545,602.1991738594354
row_04550,2828.032026617305
row_04556,211.815464061667
row_04559,2104.860600344564
row_04562,4273.936697117881
row_04563,3088.7591783974817
row_04573,2594.304945708811
row_04574,1889.9348968952572
row_04576,515.6008885201607
row_04577,1283.7298026825051
row_04591,1581.8130035089403
row_04592,7206.23214925658
row_04597,782.9955192408495
row_04598,715.460976760502
row_04599,829.3300030650913
row_04602,2603.22319426992
row_04606,844.2048344032328
row_04608,1419.6889803733056
row_04620,1520.2540969679808
row_04630,3320.1706095880077
row_04631,5157.288717088563
row_04634,2721.5971072245347
row_04636,215.1495661473356
row_04637,2147.98604174124
row_04638,2474.3803839832544
row_04651,3650.0434642351056
row_04653,3771.4482670080115
row_04656,789.0959021487345
row_04657,2517.332720256568
row_04674,1467.0907954734732
row_04675,653.2818147644218
row_04686,1669.9665127292783
row_04699,3728.2292046866746
row_04700,3045.2869447051407
row_04704,1626.889962981324
row_04709,1585.4529791648406
row_04710,3322.7522302758316
row_04729,1246.4811729501964
row_04731,6279.7729103648035
row_04733,347.6996270413356
row_04737,1747.1451540666362
row_04741,1820.5681623101054
row_04744,3703.8166839184323
row_04745,1274.8377157763734
row_04749,572.6874319544605
row_04757,902.3825889186319
row_04759,4837.318301543033
row_04769,3058.4107093740513
row_04772,2067.085348294736
row_04775,1666.258875066827
row_04781,785.0257159912222
row_04783,598.5688874924291
row_04784,4589.334473686825
row_04785,520.5935593996944
row_04787,869.0335103994045
row_04796,1770.8350491675826
row_04799,1493.492432412234
row_04803,579.4332383487879
row_04814,910.3422687121483
row_04824,2117.855434934124
row_04826,1475.4262777061558
row_04831,1800.133558564422
row_04841,4643.804605763937
row_04843,2237.8442238070165
row_04846,682.3734021399632
row_04852,1886.791822894978
row_04855,1260.858201888302
row_04859,731.3696172667903
row_04863,636.0835044182991
row_04881,1415.2703950238983
row_04886,1719.3937931318944
row_04888,1997.3941391252883
row_04889,4321.792620602171
row_04902,580.4044649989697
row_04909,2457.0624884030613
row_04913,1970.2532192177707
row_04914,2966.87428640283
row_04929,2008.4414461581973
row_04936,765.9575977070183
row_04937,2744.3956383318227
row_04938,1351.3649534207589
row_04945,1908.931142072326
row_04955,2020.2265088980648
row_04965,1067.7307205245006
row_04970,584.696942784056
row_04974,548.3185886021676
row_04976,2482.128826772454
row_04986,4613.094679828579
row_04987,2029.985507584264
row_04989,3940.481063544341
row_04995,2869.677415037435
row_05004,3973.186466160433
row_05018,917.8802159062865
row_05021,584.5649010170282
row_05023,2325.5831684134737
row_05025,1657.0708254367073
row_05033,651.5607404818816
row_05034,5586.232301026977
row_05035,1643.7410935438797
row_05036,1454.484362753627
row_05045,2055.742829162431
row_05047,2813.6207970751793
row_05051,425.1087674558196
row_05053,1864.86958418802
row_05054,185.5756465164321
row_05055,721.8562736177006
row_05063,1580.646511045201
row_05103,2818.6963945493744
row_05107,342.4511628189567
row_05116,6496.027657857181
row_05132,3129.306004862023
row_05138,605.7047166357136
row_05140,3869.6376554315057
row_05141,1441.893937200643
row_05142,2563.9107237402222
row_05146,757.3689264127365
row_05147,2309.564406091619
row_05160,3850.0537633843537
row_05162,1359.7508305679587
row_05180,1436.880975385004
row_05185,1271.715089144075
row_05191,950.6178904005691
row_05199,738.2083970910012
row_05204,1529.317513747478
row_05213,1639.977447295194
row_05215,323.4182491235126
row_05216,338.2528170798664
row_05223,2695.94948645382
row_05229,2605.145941804378
row_05235,2149.618636697698
row_05237,3633.4107100942947
row_05239,1998.3843361721226
row_05246,2587.925505383737
row_05247,2374.248961221466
row_05254,209.44683009874342
row_05258,1928.782497481384
row_05261,2487.2706733557566
row_05262,2188.4137674252433
row_05267,3819.762235730013
row_05272,2063.4128021601223
row_05287,2195.9849947416706
row_05290,2134.030414965052
row_05296,2481.9664786648136
row_05297,1329.2100966938408
row_05299,2989.462067548706
row_05302,473.4735977625983
row_05303,1525.1126219719408
row_05305,2861.347428285714
row_05309,1081.7709550180912
row_05312,4428.528681225864
row_05314,1183.5955848598542
row_05331,3173.138096779878
row_05336,1170.015714965236
row_05342,993.365088796217
row_05343,1611.995274220987
row_05348,2154.1367265371973
row_05349,897.0481536981476
row_05354,553.1018834752103
row_05358,755.3933844499518
row_05359,6827.179200494083
row_05360,544.6473936652367
row_05371,3227.288764982646
row_05377,1195.267568420285
row_05392,3095.7084236438013
row_05393,776.952677537309
row_05398,427.0234258695038
row_05401,3215.6580096116345
row_05403,579.0500111002943
row_05406,5019.003517461031
row_05408,643.2839884737662
row_05409,2918.0270809872736
row_05418,2659.0374928589727
row_05419,169.53220898022593
row_05423,568.7003483442008
row_05429,1173.2395107142243
row_05437,819.6018385114666
row_05446,2880.174362792971
row_05449,2306.3083751929735
row_05451,1884.6628772032236
row_05454,2623.023229892792
row_05457,2666.366212575461
row_05459,1664.6049171752438
row_05462,4205.491880372889
row_05463,1419.1663041345955
row_05476,2489.0804359935446
row_05485,1519.9271142784874
row_05486,1512.2407714430278
row_05493,83.58274775266486
row_05504,5150.793440908904
row_05505,1707.512787937792
row_05506,2734.9113192109553
row_05507,643.4951891146438
row_05508,677.0433567036839
row_05528,987.9822690422136
row_05530,1282.8643285617616
row_05546,1748.8066148419116
row_05556,2474.3520256578695
row_05562,643.0400233148007
row_05563,2668.0882157692804
row_05572,773.13651208893
row_05580,949.5862170857839
row_05590,1514.127468106362
row_05593,403.4092540324996
row_05594,1687.8927644991336
row_05597,804.8985474932308
row_05601,1095.173410397188
row_05602,1175.5719449257872
row_05605,1141.086456461525
row_05623,1327.259532373644
row_05625,327.08675040208914
row_05630,6447.317546782517
row_05640,550.0438214793583
row_05644,172.8910172926432
row_05646,1196.6750116302155
row_05655,1049.348928118778
row_05658,2701.2137394597794
row_05667,1039.7757554081104
row_05679,3333.064027341033
row_05687,1388.5996156734116
row_05695,2134.908483152317
row_05705,2454.5000304753794
row_05707,3420.2562504797493
row_05711,656.9764473681697
row_05716,3812.524785497926
row_05718,2197.059092062249
row_05725,574.7276654489394
row_05728,3084.1036887708246
row_05729,2821.9653899564955
row_05732,1487.8515053791516
row_05738,2352.147867221597
row_05741,2367.493677466202
row_05742,3496.7516788977614
row_05753,411.30373999875326
row_05756,1716.8533341973814
row_05758,667.1378513554407
row_05763,829.2120780313135
row_05774,130.71113599789305
row_05778,2366.2253274008144
row_05781,3080.809384750588
row_05786,445.45864078996897
row_05793,661.1208439725926
row_05796,8885.11764508018
row_05800,660.2145170609863
row_05805,534.1349553432583
row_05806,904.7076172858456
row_05809,5090.019082430412
row_05816,695.5286891264668
row_05831,4827.2169117325975
row_05833,2086.4445613937532
row_05836,3380.4268964437338
row_05840,522.1817832638592
row_05847,869.4789934102721
row_05849,557.8820836657126
row_05851,1169.1988022975397
row_05864,2471.3089386730308
row_05870,973.7322684413411
row_05876,666.6894897905436
row_05877,1316.1763787055575
row_05878,1024.477825874058
row_05882,4299.03477279144
row_05883,3209.3630126116755
row_05893,507.5617968038872
row_05910,277.77302282206824
row_05913,3724.304671796276
row_05915,4463.80520683575
row_05916,734.0771613206066
row_05925,4646.45978027027
row_05929,2513.601600484183
row_05932,3656.2315091033165
row_05935,3239.970848679941
row_05938,1185.7417361499897
row_05942,268.61382519717165
row_05950,1014.4010312850634
row_05951,512.3382845753779
row_05965,3067.96726923552
row_05970,2198.32524176068
row_05971,2489.879595757373
row_05977,809.9018291239809
row_05979,2238.6080745330833
row_05980,3262.386292213565
row_05981,2957.301984533923
row_05982,1541.6345761203938
row_05986,2301.947464204973
row_05994,1096.385841222585
row_05996,2999.992791958672
row_06000,898.2726312115163
row_06001,3612.3227828287513
row_06002,3273.72281619384
row_06012,2819.0808331354856
row_06023,1156.7488018665122
row_06027,814.6945241276469
row_06032,1574.9911560045823
row_06045,1213.619497893868
row_06047,1394.32510923549
row_06048,1288.2390715454685
row_06053,1761.2875475533876
row_06061,2585.872406782752
row_06063,1312.4389134699586
row_06072,2877.4747515393074
row_06076,978.8046754216599
row_06082,2455.0329184252023
row_06097,4219.420038316957
row_06098,2102.206525946113
row_06106,612.2096059496224
row_06109,3435.970960479871
row_06115,2190.753342700368
row_06116,370.9638891797876
row_06122,5004.67687765785
row_06124,2443.0691722227757
row_06127,351.9179623680692
row_06137,3240.7130967963685
row_06142,2173.925559061244
row_06144,4604.932009905999
row_06145,849.139922286077
row_06146,1405.0797720134246
row_06150,1406.40528483787
row_06153,1584.1330392600178
row_06156,3670.561698360615
row_06164,2101.9487402376853
row_06191,409.56890939633183
row_06193,1954.505985638047
row_06194,813.2650589266955
row_06199,3405.778186819862
row_06201,361.71353430106916
row_06202,805.3749533833297
row_06212,806.156520125767
row_06213,3663.335910263406
row_06218,1708.6504425727658
row_06228,2831.5562137579145
row_06231,3888.342432679614
row_06237,2032.5376118774682
row_06239,3126.4702466804065
row_06240,2948.3941939125725
row_06242,3015.097648318172
row_06243,2424.405523537079
row_06248,1720.2148545606387
row_06258,792.3981169355188
row_06260,768.7373169610858
row_06263,1097.9122251631543
row_06268,1507.447859986259
row_06269,2424.8559575424833
row_06279,2334.6981564530865
row_06283,514.9580411855784
row_06285,1124.822879126105
row_06292,1296.5278782813339
row_06295,1995.7410002585873
row_06323,2453.7517823948265
row_06324,1326.3173673297388
row_06326,3734.5969344830532
row_06330,726.0296837375099
row_06338,1416.304142330239
row_06343,609.7033417818959
row_06351,454.71233673092576
row_06352,1158.407200655628
row_06355,3378.8645976080015
row_06366,1202.8590701077121
row_06369,830.4438719475661
row_06371,2767.5595021771333
row_06399,4406.353649948179
row_06412,2395.7969796791285
row_06416,2185.692550917094
row_06421,1609.9329023166656
row_06424,6338.100300212197
row_06431,2082.4785032492946
row_06435,2603.3853023988477
row_06438,2721.3489672587434
row_06444,64.65006178131057
row_06447,3682.0401296879777
row_06455,937.5483032724712
row_06462,2520.803710002364
row_06463,222.90127660046824
row_06464,5090.483033476674
row_06471,4500.116457587861
row_06475,1183.800363123678
row_06479,1141.6699543694208
row_06485,1763.3396997983734
row_06495,1297.9738921192247
row_06499,483.5793426460851
row_06504,2328.1816821165144
row_06505,1965.4052780827367
row_06510,1781.4145566953407
row_06511,3769.4394650134245
row_06514,1589.18759448213
row_06516,724.1143832408186
row_06518,2343.4691928873117
row_06520,171.25047092989345
row_06525,2582.0036535244126
row_06528,1291.3035418990694
row_06531,2584.6454238706847
row_06534,2014.271783570344
row_06539,1358.4354248250622
row_06541,573.330722840698
row_06543,1707.8371364674267
row_06546,2422.3646443531306
row_06552,3154.795704972171
row_06553,2980.617945590384
row_06554,4318.387957176548
row_06559,2774.6781855652016
row_06563,3806.2623942567234
row_06578,1813.9986526758348
row_06591,1791.3164409331985
row_06594,592.3379049079971
row_06596,2629.438882417564
row_06599,2246.949601125494
row_06600,4692.993031969218
row_06602,2528.7574683984867
row_06603,600.3966811625867
row_06611,1836.7955115690108
row_06616,3327.128863035662
row_06617,662.6137870162984
row_06619,4584.328620172235
row_06630,1078.1994044188011
row_06633,1500.085985239667
row_06636,3404.1065239322324
row_06645,1793.1777994149752
row_06646,664.9237747042631
row_06647,2743.583648300463
row_06648,4697.500491700492
row_06651,3218.1597055272427
row_06660,2913.558391552817
row_06663,945.8767825208101
row_06668,2444.857307142849
row_06669,387.0067942707077
row_06671,1908.0995105706559
row_06673,6429.512335573754
row_06675,3786.2613954899953
row_06677,3848.6708974030917
row_06682,4782.609701029836
row_06683,989.191437569923
row_06684,751.0656664244191
row_06686,598.8876222058684
row_06689,2488.4180675942525
row_06693,3398.4897555158227
row_06696,1088.7904136849638
row_06697,2103.1904042104456
row_06701,3085.7622009539728
row_06710,4068.6495136668127
row_06717,2643.798725545347
row_06719,3181.3206129787877
row_06720,2235.1060259041533
row_06722,1761.6865739608838
row_06723,2213.498190560969
row_06735,1648.3121153019647
row_06746,971.1028390205224
row_06748,4382.916056472788
row_06750,2830.294476143626
row_06772,1072.5676296398933
row_06776,4665.805068062189
row_06782,3907.0442619286923
row_06785,1543.5656903811555
row_06786,4626.120248426428
row_06805,4976.822193896061
row_06809,3821.002253860214
row_06813,3136.391372122166
row_06817,1545.9934771060366
row_06818,672.5379816167406
row_06821,1624.2469908939447
row_06825,1380.9429605972236
row_06828,6854.819095089405
row_06834,3502.3903174377037
row_06838,850.4765345544754
row_06841,356.28899693981054
row_06842,1729.5415665110606
row_06852,343.1123199937812
row_06855,617.1014396030723
row_06856,509.9637033087195
row_06866,2575.6416860835225
row_06872,2984.077227301842
row_06873,1202.1549899475124
row_06885,2504.298573065273
row_06901,3802.6099555149112
row_06902,1519.341739792397
row_06903,733.2954433877258
row_06906,248.95232414527513
row_06907,1226.3589776277915
row_06912,1003.5193334968353
row_06914,3271.3281977416545
row_06915,2788.0206284957294
row_06918,2432.493105626556
row_06920,1371.5714576502428
row_06924,1933.2173843486682
row_06929,1455.2508010053239
row_06943,573.319682907591
row_06945,1311.8032833488096
row_06946,2121.6340728648493
row_06948,3630.438568263335
row_06954,2187.555880001627
row_06955,548.7192519475911
row_06960,1304.2087080730903
row_06963,515.1681006003691
row_06966,1373.7602299615633
row_06969,3616.8026720663274
row_06982,2033.9259984057526
row_06997,1312.7272383519307
row_07002,830.3649933671509
row_07003,1931.2704306718003
row_07005,808.2902946846044
row_07012,2139.2357230164453
row_07017,836.9387140679851
row_07019,1326.2770642295943
row_07023,2808.584166976588
row_07025,1372.0832115529947
row_07029,5571.6334042348135
row_07030,1628.2056891615832
row_07038,1655.5621824746709
row_07042,1050.9600934447858
row_07043,1628.405249643885
row_07045,969.2388644384573
row_07048,4075.948723969049
row_07050,415.11254785520276
row_07052,3079.1204616233244
row_07067,686.3759529724052
row_07069,1800.5046662382008
row_07072,4037.553318323092
row_07073,1987.3676187494716
row_07075,1621.2604805916712
row_07076,2482.1407116361343
row_07085,603.4906784708289
row_07091,480.14976043161903
row_07095,63.3906353327644
row_07096,1345.6282281817043
row_07097,667.4903499503565
row_07100,1910.9222834138873
row_07118,2433.704533508312
row_07120,2983.877893983252
row_07136,2884.5528133944235
row_07138,4267.546304626989
row_07140,2980.148617575449
row_07142,1764.8813952685016
row_07152,662.768294917702
row_07155,2268.031791639347
row_07170,971.4593752580174
row_07173,689.2024802941471
row_07181,1549.2238345825258
row_07196,3710.0718616097693
row_07205,2089.742121939749
row_07206,2655.791975105617
row_07208,4624.353717408936
row_07219,1968.2327585284138
row_07225,422.98464594099335
row_07228,985.5580849735175
row_07229,704.0979579629563
row_07235,5618.220313496258
row_07239,2339.4574171832355
row_07243,1481.563211676718
row_07248,1938.884702108228
row_07250,6166.791809302583
row_07251,1311.3062338411776
row_07258,681.9686536651004
row_07261,640.8223003938759
row_07277,2870.2565982503747
row_07288,1690.9857795521552
row_07292,2743.2914397226223
row_07301,1172.0057212405084
row_07303,1915.5639320679827
row_07304,1994.189080219384
row_07315,872.462311037006
row_07317,6246.70966905083
row_07320,1646.4486089020256
row_07324,3669.7175685512825
row_07334,1081.9558737598404
row_07354,2102.8393506202374
row_07356,680.7800569967104
row_07357,82.06595413048203
row_07358,1932.1494516720566
row_07360,1773.979231730759
row_07362,2371.508938643022
row_07370,864.3061189784175
row_07375,4993.05330513188
row_07380,5491.0631675737395
row_07394,1807.35685397275
row_07396,2679.513743489577
row_07397,3982.422571211366
row_07402,2152.9105894678705
row_07406,856.8837768928315
row_07423,3795.781647225303
row_07424,1603.6441401675752
row_07431,1618.3731251279419
row_07435,2553.7311514804114
row_07439,2051.971499416526
row_07448,730.5056467136133
row_07454,1754.5651026798057
row_07460,2410.959043442911
row_07463,1252.642770553612
row_07464,1085.1309928447972
row_07480,3716.8672496105587
row_07491,4506.777384254676
row_07495,1663.8364715587118
row_07496,191.34348104538594
row_07504,1468.7656253029131
row_07514,2884.640700421848
row_07515,723.031544308395
row_07516,3296.218380782281
row_07518,1430.566690896365
row_07524,2672.7800258970356
row_07525,1406.0277992549309
row_07528,1884.4425162719392
row_07529,154.91917685019826
row_07532,3180.4180685646616
row_07534,1144.1518210028999
row_07537,1392.2825385941983
row_07541,1552.1038815887678
row_07546,670.7023174947371
row_07551,4049.9087667853414
row_07557,1177.9452856483
row_07571,2165.685521390262
row_07577,1964.4902069759032
row_07580,2399.7672158923624
row_07587,956.6511608313798
row_07591,2162.2150383140115
row_07592,779.657807232566
row_07609,2449.110132994947
row_07633,2076.5197270602075
row_07634,2134.5380776215534
row_07649,2492.8319853435814
row_07677,4439.09660693582
row_07683,3402.8230057786286
row_07687,1172.6714141755456
row_07697,4247.663414696646
row_07698,1278.223107287609
row_07700,991.0814192320577
row_07709,928.1171925411319
row_07713,916.0803923165624
row_07715,201.09129470478274
row_07726,789.1481466809703
row_07734,1910.16888352095
row_07746,1610.0211489981166
row_07748,1647.7173856232005
row_07753,4478.058183586254
row_07755,1585.74441652031
row_07759,2143.459572318502
row_07763,4880.845721895044
row_07771,763.4133331551375
row_07784,1210.6223085864872
row_07790,2906.2840422875324
row_07796,2058.0134261832172
row_07800,1184.0140603104428
row_07804,4138.595318789383
row_07806,671.2909470466473
row_07808,1633.415963420869
row_07812,823.4467987138481
row_07819,6163.735221915458
row_07821,3536.436586963765
row_07822,1006.0992752520428
row_07823,3945.83321735206
row_07825,3316.5637521084604
row_07839,2142.186362033528
row_07843,1450.7440746393513
row_07847,271.69570513363385
row_07861,2821.340893336699
row_07864,759.7422419823265
row_07869,2363.805509251336
row_07870,1911.5357326568821
row_07871,1305.6343121422115
row_07879,2097.8084881628656
row_07886,3973.6426841974426
row_07888,2369.830828212045
row_07891,200.070703003828
row_07893,901.7854304553225
row_07896,1262.2893262781695
row_07899,3052.493891174934
row_07902,3037.0071176789825
row_07911,1164.8211763275413
row_07912,2402.300070502447
row_07915,2298.158585199566
row_07923,2749.0589320387962
row_07935,2449.9504335004594
row_07939,2614.8770952743757
row_07943,3411.7191718291074
row_07950,5242.115966454116
row_07952,3044.2123912436327
row_07959,1476.9318014441901
row_07960,1968.365023682516
row_07966,592.7562712172423
row_07967,2690.5355230755667
row_07969,3315.9381810802647
row_07971,803.6882019147724
row_07977,1001.5276725313028
row_07981,2158.7833800455646
row_07988,2577.2040271331653
row_07991,5837.738531792655
row_07993,1525.4543208989244
row_07994,4421.360397824497
row_07996,637.9015695068241
row_08010,2308.017037848741
row_08016,1517.6799170131694
row_08022,2676.3973903957485
row_08023,1508.2507464924543
row_08027,559.1240673839254
row_08029,1946.6876058651878
row_08031,3328.5595823802537
row_08032,356.2324807778562
row_08042,2848.4829536829116
row_08048,2692.8744992214815
row_08050,3549.5456537318337
row_08055,752.3030957071007
row_08060,3815.0235617346375
row_08062,1474.7757528856428
row_08067,2562.690357289571
row_08072,714.3506703684312
row_08073,1961.7049655366934
row_08075,3183.965706074512
row_08079,444.63495916100646
row_08081,540.5745226047957
row_08083,555.5004072670556
row_08086,2198.70657746461
row_08089,489.5810531683535
row_08097,1870.465893276544
row_08101,2980.718279035121
row_08111,1806.4552230369807
row_08118,3028.052298469075
row_08121,2694.318348220041
row_08140,999.984954857044
row_08142,2780.7211466982653
row_08155,834.506264600528
row_08156,3133.2521421454726
row_08158,4693.261351339739
row_08180,4900.507938997169
row_08185,4118.748584700939
row_08191,2200.669077374214
row_08201,343.30991074541885
row_08204,3758.7381243326427
row_08213,693.6624539627113
row_08220,3111.3260659934267
row_08225,2981.740012212102
row_08231,5309.729090129613
row_08242,5240.9593716893305
row_08245,711.965491998394
row_08248,333.1781115663391
row_08258,3009.246999206367
row_08260,2407.953266570088
row_08264,2435.46578651981
row_08268,2950.091829256945
row_08282,5174.837763080164
row_08298,2930.2405371109317
row_08300,5102.845888891885
row_08301,828.2596297899667
row_08306,1299.7316610564958
row_08308,3770.088057056797
row_08313,2529.344470515148
row_08320,4014.202778382322
row_08322,338.83967172904966
row_08329,1419.759698327789
row_08330,1321.2609077556672
row_08332,929.4502546593665
row_08336,511.7670668805084
row_08337,1911.1274762018481
row_08340,939.1749831302072
row_08345,2077.8031089168517
row_08355,380.87113762573955
row_08357,2984.2234831394835
row_08360,3002.320793112375
row_08367,1661.9905061778259
row_08373,1735.0370225827435
row_08375,1814.8224327708747
row_08382,6732.757908354616
row_08385,3193.527206643532
row_08386,1589.4318113546838
row_08392,1798.8640771767004
row_08408,3040.1713643016355
row_08413,1984.2010667650602
row_08418,4225.791194240557
row_08423,4460.1436618272455
row_08450,3927.9153003672213
row_08456,1617.2982049659881
row_08458,1319.78860746061
row_08462,3622.873627469583
row_08464,829.0067233624285
row_08465,389.2618711569463
row_08470,4811.323438449246
row_08472,3046.0558297033376
row_08477,1099.0856962437806
row_08479,1235.7583055834357
row_08481,2650.4981428841106
row_08483,2494.90298808507
row_08489,294.25281833388146
row_08491,2624.251514041908
row_08504,4036.9848947613787
row_08515,1941.1574535398022
